Channel,Region,Fresh,Milk,Grocery,Frozen,Detergents_Paper,Delicassen
1.4486516314475937,-1.9953421178949025,-0.9046421366697314,0.5380821802776622,1.49917684001121,-0.17548048636073124,0.4200598037481704,0.3685362450408779
-0.6902970861260346,-0.7023369163135222,0.7340093334008824,-0.5131949665088963,-0.1476216263901169,-0.44604317209648336,-0.4347553088606489,0.11684106992708655
-0.6902970861260346,0.5906682852678581,-0.7431596479520823,-0.19767617380882727,-0.5075954211504377,-0.2029079537409561,-0.4328655186338055,-0.1916541447046267
1.4486516314475937,0.5906682852678581,-0.0105515925198071,-0.33495262187953656,-0.3305055911849418,-0.3905695726582842,0.20063416074246762,-0.4987293583483919
1.4486516314475937,-0.7023369163135222,-0.5317284090477488,1.0200418838302612,1.3113415236349584,-0.26044376877165343,1.2326696012908211,-0.4802693455050673
-0.6902970861260346,0.5906682852678581,-0.5979837242716077,-0.6633580376692473,-0.7072297029973231,0.10394972642276276,-0.5729199721120867,-0.18135913754200333
1.4486516314475937,0.5906682852678581,-0.5045771866800265,0.8713709479750266,0.3552039288896639,-0.5910169282491006,0.45281616768012223,-0.4547093277220024
1.4486516314475937,0.5906682852678581,-0.2963122710838821,-0.25993891063141183,-0.16268637694637264,-0.2940578829293726,-0.03181003715926734,-0.4192093030233012
-0.6902970861260346,0.5906682852678581,-0.2744646402573766,-0.03937418280238678,-0.29405521571316223,2.1476053785883904,-0.31590850126138786,-0.009539018000289638
-0.6902970861260346,0.5906682852678581,-0.6757961195703572,0.46849441559359706,-0.5881865692311065,-0.4728519747989588,-0.5416334450232353,0.03625601386103488
-0.6902970861260346,0.5906682852678581,-0.18984464984602034,-0.6077420853876357,-0.7045960053476281,-0.031125394885863494,-0.4284560081045043,-0.43837931636059985
-0.6902970861260346,0.5906682852678581,-0.4900912575450609,-0.6865539592306023,-0.7530560421020172,-0.3462319374195748,-0.5884582473105766,-0.3890342820294052
-0.6902970861260346,-0.7023369163135222,0.5609697646083428,-0.6093698693568537,-0.45386798909665843,-0.005553921538886923,-0.45596295473966897,-0.2225391661924967
1.4486516314475937,0.5906682852678581,-0.20480552747721428,0.33406658946901907,-0.2976370445167475,-0.49615501099418746,-0.2281382440591067,-0.026224029608679193
1.4486516314475937,0.5906682852678581,-0.5398025334836313,2.203983424108078,1.4305953532131506,-0.27467305635989037,0.9389122093626123,1.2283468432434204
1.4486516314475937,0.5906682852678581,0.40075380521396947,-0.12876665244526964,0.11606418229735248,-0.42088414186800643,0.11202399677270054,0.09199105263799573
-0.6902970861260346,0.5906682852678581,-0.7047679778402884,-0.21246187819588983,0.8987991237867242,-0.5149211728859203,-0.5544420232273959,0.1970711257461512
-0.6902970861260346,0.5906682852678581,-0.694635743254083,-0.33942902779488576,-0.6372786934214224,-0.575344089746115,-0.5907679909211629,-0.14585911284330216
-0.6902970861260346,0.5906682852678581,-0.5489848710773799,-0.04032372345109722,0.32697069008493285,-0.5584339218876304,0.12672236520370456,-0.16396412543963976
1.4486516314475937,0.5906682852678581,-0.8691793156180124,0.4096228953735498,0.4392715578679302,-0.6058648805150869,0.34152852098823466,-0.15792912124086056
-0.6902970861260346,0.5906682852678581,1.034255941099923,-0.10665592019672653,-0.3081718351155277,1.3887100405490858,-0.37575185844476133,-0.20052915087930198
-0.6902970861260346,0.5906682852678581,-0.39660556187077484,-0.25993891063141183,-0.2708786763958457,-0.2938516613701228,-0.5380638412614199,-0.1295291014818996
-0.6902970861260346,-0.7023369163135222,-0.10949919590071948,-0.5427663752830214,-0.03205497352149768,-0.3276719970870918,-0.42509638103456054,-0.10361408345184776
-0.6902970861260346,0.5906682852678581,0.10011140710140531,-0.6240199250798147,-0.3929768994357086,0.6871442959812285,-0.4985882231895806,0.09341105362594378
1.4486516314475937,0.5906682852678581,0.522498936413844,0.07199337042493767,0.22625809196059377,-0.17878003130872822,-0.02404089956002236,0.5879263976788511
-0.6902970861260346,0.5906682852678581,0.9207432505013402,0.1266597820578387,-0.4329037558050858,1.1441312712788099,-0.5242053795979019,-0.2505841857044706
1.4486516314475937,0.5906682852678581,-0.269952629543207,-0.37320554515615717,-0.010247956982022586,-0.6137012997665797,0.254808147245311,-0.46145433241475564
-0.6902970861260346,0.5906682852678581,0.8458597042626658,-0.7680788063555987,-0.8146845671048816,0.017542893097091918,-0.6031566157415806,-0.34678925263795085
-0.6902970861260346,-1.9953421178949025,-0.7850342737028845,-0.10706286618903099,-0.6729916335512873,-0.4025304230947732,-0.5741798322633156,0.008920994843034973
1.4486516314475937,0.5906682852678581,-0.2061512148831947,0.7874044248962033,0.82421280634736,-0.036280933867108775,1.0069446575289738,-0.08160406813865304
-0.6902970861260346,0.5906682852678581,-0.014430338572338866,-0.5627067289059406,-0.6591910578668853,-0.16413830060199164,-0.5695603450421429,0.043356018800775116
-0.6902970861260346,0.5906682852678581,-0.024325098910430103,-0.4719577726220429,-0.569750685683241,0.5718664443605841,-0.5475127923956369,-0.041134039982133684
-0.6902970861260346,-1.9953421178949025,-0.828254586859667,-0.2778445342928087,-0.2226293354534322,-0.25013269080916284,0.10488478924907002,-0.2551991889153018
-0.6902970861260346,0.5906682852678581,2.4608429076045653,-0.5013935327320665,-0.562797723888046,-0.3860326983547884,-0.37260220806668903,-0.24916418471652257
-0.6902970861260346,0.5906682852678581,0.44508233152861826,-0.20567944499081525,-0.0680839573693261,-0.1635196359242422,-0.40346878177179746,0.38735125813118954
-0.6902970861260346,0.5906682852678581,-0.9017924456923612,-0.636228304848949,-0.6761520707309214,-0.46233467527721844,-0.5861485036999903,-0.472104339824366
-0.6902970861260346,0.5906682852678581,-0.8791532340388084,-0.5552460523803586,-0.6437049156866783,-0.4800697293727022,-0.44567409683796616,-0.1320141032108087
-0.6902970861260346,0.5906682852678581,-0.16641385736542028,-0.6558973611436653,-0.5362500515791199,0.01630556374159305,-0.5542320465355244,-0.24561418224665246
1.4486516314475937,0.5906682852678581,-0.3499814511576889,-0.11398094805820706,0.15535895123080276,-0.28931478706662694,0.09228618773678086,0.36960124578183895
-0.6902970861260346,0.5906682852678581,-0.7816304761465811,-0.34010727111539324,-0.4920039310642429,-0.31694847600610165,-0.5557018833786248,1.008246690111473
-0.6902970861260346,0.5906682852678581,-0.18905306901897304,-0.707986448158638,-0.7391501185116273,-0.3033378530956141,-0.506567337480697,-0.4082042953667039
1.4486516314475937,0.5906682852678581,-0.8287295353558954,0.3527861051150249,-0.10221667890937407,-0.5825618443198582,-0.07905479283035168,-0.10254908271088672
1.4486516314475937,0.5906682852678581,-0.7305735128020303,0.1550103528550504,0.7995613963462144,-0.07814391039482042,0.7807997603833833,-0.14550411259631515
-0.6902970861260346,0.5906682852678581,-0.4248649973963634,-0.5019361273884725,-0.35694791558788025,-0.34705682365657403,-0.21448975908746012,0.130331079312593
-0.6902970861260346,0.5906682852678581,0.637119840170293,-0.5297441035292783,-0.5888186566670333,0.4683432216171789,-0.5187459856092432,-0.2101141575479513
-0.6902970861260346,0.5906682852678581,0.4784078843473095,-0.6397551701155878,-0.6269545986346178,-0.10660248557129434,-0.5802691563275887,-0.09189907530127638
1.4486516314475937,0.5906682852678581,-0.6024957349857774,0.6977406579251175,0.3114845479047259,-0.45862268721072186,0.8076767769429335,-0.1888141427287306
-0.6902970861260346,-1.9953421178949025,0.5198075616018832,-0.5292015088728723,-0.6909007775692138,-0.2620935412456519,-0.5538120931517814,0.20417113068589146
-0.6902970861260346,-0.7023369163135222,1.6398944318738113,1.4904714509342334,0.5978201563795728,11.919001520522189,-0.33795605390789385,1.4498669973633156
1.4486516314475937,-0.7023369163135222,1.1938386358326585,0.13846121583466844,0.2990534949981652,-0.35200614107856953,0.2581677743152548,0.2180161403183849
-0.6902970861260346,0.5906682852678581,-0.7820262665601048,-0.5690822161187108,-0.5792319972221432,-0.5180144962746674,-0.567460578123428,-0.2885692121320809
-0.6902970861260346,-1.9953421178949025,-0.1844619002220987,-0.47697677319379805,-0.6151556331639839,-0.5262633586446599,-0.5206357758360867,-0.4181443022823402
-0.6902970861260346,0.5906682852678581,-0.7403891150574169,-0.4117297657609807,-0.5939807040604356,-0.446455615214983,-0.5850986202406329,0.10725606325843724
-0.6902970861260346,0.5906682852678581,1.4548228345101528,1.0113603693277657,-0.29100012643951595,-0.5673014489353723,-0.5943375946829782,-0.026579029855666205
-0.6902970861260346,-0.7023369163135222,0.3071889514569787,-0.6895382298408351,-0.48842210226065763,0.13013986444748876,-0.29638066891733966,-0.4600343314268076
-0.6902970861260346,-1.9953421178949025,-0.5508846650622935,-0.6350074668720356,-0.5367767911090588,0.9123382386820221,-0.5512923728493236,-0.4082042953667039
1.4486516314475937,0.5906682852678581,-0.5785108359262442,0.044999286268740876,0.007766534941891622,-0.29962586502911753,0.3429983578313351,0.5609463789078383
1.4486516314475937,0.5906682852678581,-0.3671587551046153,0.9560157143743572,1.1305645169598895,-0.044942239355600835,1.0501998560544998,-0.3450142514030158
1.4486516314475937,0.5906682852678581,-0.8386242956939867,1.4830107744086514,2.215963992352217,-0.4947114600794388,-0.42950589156386176,-0.5402643872458722
-0.6902970861260346,0.5906682852678581,-0.17535872071105477,-0.6712256601871338,-0.7141826647925181,-0.28766501459262844,-0.5630510675941268,-0.3971992877101065
1.4486516314475937,0.5906682852678581,0.7946444247527055,0.3510226724817055,2.8276139345173976,-0.6248372639660695,2.038770121385456,1.0313217061656288
-0.6902970861260346,-1.9953421178949025,-0.9037713977599794,-0.6933363924356769,-0.6041994509412524,-0.5367806581664002,-0.4047286419230264,-0.5349393835410671
1.4486516314475937,0.5906682852678581,0.28613290145752057,0.9301068195309723,1.2543483064955572,0.2790318302258524,0.8874679198540982,0.30321619959526774
1.4486516314475937,0.5906682852678581,-0.7644531721996547,0.27790804253100165,0.413250625088943,-0.6227750483735714,0.27601579312433105,0.06110603115012571
-0.6902970861260346,0.5906682852678581,0.7024252584016951,-0.5742368653545674,-0.6498150942339709,-0.15506455199499994,-0.48955922543910674,-0.2672691973128602
1.4486516314475937,0.5906682852678581,-0.8541392799041138,0.5761994548901812,1.5109758054818438,-0.27446683480064055,2.0486390259034155,0.5723063868114227
1.4486516314475937,0.5906682852678581,-0.9092333054666057,0.2551190669619511,1.2487648674782037,-0.44026896843748864,1.4602843352795118,-0.28714921114413283
1.4486516314475937,0.5906682852678581,-0.301615862625099,0.07416374905056153,0.19412698063431405,-0.36850386581855443,-0.2058807147207292,0.09057105165004768
1.4486516314475937,0.5906682852678581,-0.329162875406345,0.03387609581241858,0.06328488139746348,-0.28477791276313114,0.13827108325663628,0.12394107486682679
-0.6902970861260346,0.5906682852678581,-0.4774259643123041,-0.5163148857832306,-0.4776766158499018,0.5376336655251155,-0.36672286069428744,-0.43837931636059985
-0.6902970861260346,0.5906682852678581,-0.29623311300117733,-0.4682952586913026,-0.6114684564544108,0.1699406253827023,-0.5491926059306087,-0.3159042311500808
-0.6902970861260346,-1.9953421178949025,0.5297023219399745,-0.26563615452367445,-0.7751791023594556,0.3221321361090629,-0.5991670585960224,-0.11000408789761397
-0.6902970861260346,-1.9953421178949025,-0.3278963460830693,-0.635685710192543,-0.7223998014595667,0.7725200215106502,-0.5947575480667212,-0.4394443171015609
-0.6902970861260346,-1.9953421178949025,1.4742165647728116,0.1916354921624531,-0.32176171498795425,3.2251130256686533,-0.4448341900704802,0.4796513223478126
-0.6902970861260346,-1.9953421178949025,0.29056575408898544,-0.07016642955342534,-0.5841833488035699,-0.5182207178339172,-0.4870395051366489,-0.33826924671026254
-0.6902970861260346,-0.7023369163135222,-0.015855184061024003,-0.41824090163785227,-0.46282256110562164,-0.19610264228571236,-0.45680286150715493,-0.5232243753904957
-0.6902970861260346,0.5906682852678581,0.3975874819057803,-0.08915724252763413,-0.286680862294016,0.9931770899079481,-0.5357540976508336,0.08169604547537239
-0.6902970861260346,0.5906682852678581,-0.2485007891302252,-0.27309683104925647,-0.6034620155993378,-0.5029603224494312,-0.2732832328114762,-0.0013740123195883675
1.4486516314475937,0.5906682852678581,-0.4764760673198473,1.1997763637647372,1.3241939681654702,-0.22002434315869043,1.9604488153173916,-0.383354278077613
-0.6902970861260346,-1.9953421178949025,0.28518300446506384,-0.4195973882788672,-0.433851886958976,0.24500527294963353,-0.536803981110191,0.3685362450408779
-0.6902970861260346,0.5906682852678581,1.4212598074433473,-0.19455625453449296,-0.2658219769084312,-0.27694149351163827,-0.42404649757520313,1.1009017545750832
-0.6902970861260346,0.5906682852678581,-0.5234959684464568,-0.11086102878387276,-0.48547236089299917,-0.4633657830734675,-0.47129125324628746,-0.21153415853589935
-0.6902970861260346,-0.7023369163135222,-0.2252283128150346,-0.5289302115446692,-0.2933177803712476,-0.0738132576505744,-0.5571717202217252,-0.14621411309028917
-0.6902970861260346,-1.9953421178949025,1.3873009899630182,0.29364328756677466,0.9496821623788327,-0.5444108558586432,-0.5288248668190746,-0.0475240444278999
-0.6902970861260346,-0.7023369163135222,0.4216515390480182,-0.46422579876825787,-0.5382516617928881,-0.3965499978765287,-0.5313445871215324,-0.21295415952384739
-0.6902970861260346,0.5906682852678581,-0.8057736913715238,-0.6012309495107642,-0.4742001349523043,0.1926249969001815,-0.5216856592954441,-0.413174298824522
-0.6902970861260346,0.5906682852678581,-0.46412740641790945,-0.05917888776120453,0.009346753531708657,-0.606895988311336,0.04252171176323869,0.027736007933346598
1.4486516314475937,0.5906682852678581,0.0458089623659606,0.721343525478777,1.0132069496894776,-0.4674902142584637,0.7507730934457608,-0.002084012813562391
1.4486516314475937,-1.9953421178949025,0.009396244321784836,3.0561283319936474,3.344029369669605,0.3431667351525436,3.470601183257118,0.4775213208658905
1.4486516314475937,-1.9953421178949025,-0.5105932009655859,0.9404161180026857,0.92871792908726,-0.45532314226272486,2.002864107075432,-0.2583941911381849
1.4486516314475937,0.5906682852678581,0.009950350900717945,-0.3523156508845275,-0.10284876634530088,-0.5345122210146523,0.054280406508041903,-0.34785425337891185
-0.6902970861260346,-0.7023369163135222,-0.8563557062198461,-0.367372652599793,-0.19355331340079873,-0.4318138845082464,-0.432655541941934,0.039806016330905
-0.6902970861260346,0.5906682852678581,-0.889839575203947,1.7454909394450373,-0.6627728866704705,0.6273400437987833,-0.49249889912530753,0.914171624659915
1.4486516314475937,0.5906682852678581,-0.7234492853586046,0.10495599580160007,0.17558574918046083,-0.4417125193522373,0.23570026828500576,0.05578102744532053
-0.6902970861260346,0.5906682852678581,0.33441933190740586,-0.5386969153599767,-0.6517113565417513,-0.4575915794144728,-0.5693503683502714,-0.16254412445169172
-0.6902970861260346,0.5906682852678581,0.060057417252811975,0.20804898051873355,-0.3601083527675143,-0.27219839764889264,-0.6008468721309943,0.3926762618359947
1.4486516314475937,0.5906682852678581,-0.6834744535927161,-0.053345995204840395,0.5291333216755256,0.27387629124460705,0.6499842813474476,0.07779104275851526
1.4486516314475937,-1.9953421178949025,-0.007306111128913174,0.3061229646641118,1.2531894795296914,-0.4130477226165136,0.7333450280204274,-0.29353921558989904
-0.6902970861260346,0.5906682852678581,3.4894230342698256,-0.3109428083335726,0.10057804011714552,3.0842637007010323,-0.2942809019986248,0.34546122898672216
1.4486516314475937,0.5906682852678581,-0.9325849398645011,0.5078325281830296,0.6796754793320953,-0.5751378681868651,1.0365513710828533,-0.48594934945685947
-0.6902970861260346,-1.9953421178949025,-0.6973271180660437,-0.5159079397909261,-0.648129527738166,-0.2767352719523885,-0.5559118600704963,-0.28927921262605494
-0.6902970861260346,0.5906682852678581,-0.8960930637376205,-0.5678613781417973,-0.8141578275749426,-0.4557355853812245,-0.5848886435487614,-0.4067842943787558
-0.6902970861260346,0.5906682852678581,-0.7183040099827972,-0.3528582455409334,-0.4933734538420843,-0.5499788379583882,-0.2522855636243276,-0.2953142168248341
-0.6902970861260346,0.5906682852678581,-0.9422422259544782,-0.29724229325932194,0.46866362363852704,-0.6132888566480802,0.01858436888988929,-0.5193193726736386
-0.6902970861260346,0.5906682852678581,-0.2606119757840489,-0.2933084820003787,-0.19502818408462796,-0.14908412677675542,-0.15926588912525932,1.282306880785446
-0.6902970861260346,0.5906682852678581,-0.674687906412491,-0.6649858216384652,-0.781394628812736,-0.3330337576275869,-0.5521322796168096,-0.41991930351727524
-0.6902970861260346,0.5906682852678581,-0.5751861964526456,-0.7039169882355932,-0.7466298198367612,-0.38479536899928946,-0.5716601119608578,-0.3975542879570935
-0.6902970861260346,-1.9953421178949025,-0.024879205489363215,-0.494068504870586,-0.11875630014945904,0.093844870019522,-0.4807402043805043,-0.2938942158368861
-0.6902970861260346,0.5906682852678581,-0.38734406619432143,-0.6489792792744892,-0.5243457382024982,-0.4672839926992139,-0.5305046803540465,-0.13591910592766582
-0.6902970861260346,0.5906682852678581,1.0214323317017566,-0.2659074518518774,-0.2761460716952358,0.07652225904253789,-0.5097169878587694,0.5868613969378902
-0.6902970861260346,-1.9953421178949025,-0.76437401411695,0.6622007079305268,-0.434378626488915,-0.3367457456940835,-0.276222906497677,-0.3673792669631975
1.4486516314475937,0.5906682852678581,-0.5120972045369758,1.3469551643148554,1.9930478232820275,-0.14537213871025884,2.2770936666595922,-0.38299927783062604
-0.6902970861260346,0.5906682852678581,-0.44821663179425875,-0.48023234113223384,-0.6619301034225681,-0.3258160030538435,-0.5397436547963919,-0.2977992185537432
-0.6902970861260346,0.5906682852678581,-0.22142872484520756,-0.32871278333086795,-0.5524736291012414,-0.3682976442593046,-0.3778516253634762,-0.3545992580716651
1.4486516314475937,0.5906682852678581,-0.4470292605536878,0.40853770606073786,-0.02815710099994899,-0.137535719458766,0.13323164265172063,2.2432925493792872
1.4486516314475937,0.5906682852678581,-0.22182451525873123,2.9402843728509738,2.537064409803039,0.03300951004082775,3.3647729305538894,1.279821879056537
-0.6902970861260346,0.5906682852678581,-0.28879225322693275,-0.40372649457899273,-0.701435568167994,-0.4728519747989588,-0.4673016961007292,-0.49020935242070357
-0.6902970861260346,0.5906682852678581,-0.3840194267207228,-0.4814531791091473,-0.706808311373372,-0.29962586502911753,-0.3476149817339822,-0.49588935637249576
1.4486516314475937,0.5906682852678581,-0.06572477616500384,0.6745447363637626,0.09088603276626771,-0.18104846846047615,-0.19013246283036775,-0.4905643526676906
-0.6902970861260346,-0.7023369163135222,1.106368954443932,-0.2996839692131488,-0.5780731702562775,-0.1449596955917592,-0.575649669106416,-0.15366911827701643
1.4486516314475937,0.5906682852678581,-0.9480999240746282,-0.43139882205569696,0.017563890198757245,-0.6035964433633391,0.2084032983417126,-0.4642943343906517
-0.6902970861260346,0.5906682852678581,-0.12628070943412223,-0.5697604594392182,-0.7221891056475911,1.1039180672250966,-0.5212657059117011,-0.42843930944496356
1.4486516314475937,-0.7023369163135222,-0.27193158161082526,-0.11072538011977126,6.252052966556902,-0.6064835451928364,7.395485507718934,-0.11000408789761397
1.4486516314475937,0.5906682852678581,-0.701680812614804,0.3843922438506724,0.5936062401400607,0.5297972462736226,0.3747048383039295,-0.035099035783354486
-0.6902970861260346,0.5906682852678581,-0.9180198526468307,-0.7518009666634197,-0.7733881879576631,-0.47388308259520784,-0.5937076646073638,-0.5189643724266515
1.4486516314475937,0.5906682852678581,-0.9469917109167619,-0.613303680615797,1.5086581515501123,-0.6052462158373375,0.8116663340884918,-0.502279360818262
-0.6902970861260346,0.5906682852678581,-0.7562998896810675,0.19855357403162915,-0.41699622200092756,0.5770219833418293,-0.43958477277369307,0.5573963764379681
1.4486516314475937,0.5906682852678581,1.137715555195005,4.154475565223423,1.4820051313351983,0.4293673469189646,0.3056225066782106,5.324339692979562
1.4486516314475937,0.5906682852678581,0.25074923848850633,0.6456515709101448,0.4767754123995878,-0.23755317569492437,0.7610619513474636,-0.28785921163810685
-0.6902970861260346,0.5906682852678581,0.540388663105113,-0.2874755894440146,-0.6282187735064714,-0.6091644254630839,-0.49669843296273725,-0.4699743383424439
-0.6902970861260346,0.5906682852678581,0.01675794601332472,-0.7589903458607987,-0.8118401736432109,-0.2229114449881878,-0.5997969886716369,-0.23602917557800315
-0.6902970861260346,-1.9953421178949025,-0.458982131042102,0.2684126360438972,0.3018978884598359,-0.38953846486203514,0.05491033658365636,0.15802109857757993
-0.6902970861260346,-1.9953421178949025,1.0451005984304709,0.7719404771886333,0.16210121721402213,0.41101362814573145,-0.5454130254769219,1.8918423048621453
-0.6902970861260346,0.5906682852678581,-0.8949848505797543,0.3712343234328277,0.270398864569483,-0.5421424187068953,0.8452626047879295,-0.48594934945685947
1.4486516314475937,0.5906682852678581,0.6263543409224497,0.13059359331678194,0.5805430997975732,-0.3744842910367989,0.4744437669428853,-0.24525918199966545
-0.6902970861260346,-1.9953421178949025,0.05380392871913831,-0.34634710966406185,-0.399719165418928,-0.4973923403496863,-0.4452541434542232,-0.262299193855042
-0.6902970861260346,-0.7023369163135222,0.10763142495835465,-0.6582033884333905,0.38364786350637053,-0.4448058427409845,-0.2524955403161991,-0.33791424646327556
-0.6902970861260346,-0.7023369163135222,-0.5451852831075529,-0.5846818124903822,-0.35484095746812416,0.4237993648192197,-0.5017378735676529,-0.27898420546343156
-0.6902970861260346,0.5906682852678581,-0.5971921434445604,-0.07192986218674473,0.5557863418904396,-0.6283430304733164,0.8265746792113673,-0.046814043933925874
-0.6902970861260346,-1.9953421178949025,0.8910589694870665,-0.6001457601979523,-0.6609819722686779,-0.43098899827124715,-0.5149664051555565,-0.3088042262103406
1.4486516314475937,0.5906682852678581,0.20032553980559337,1.3146707822587005,2.348386310178885,-0.5433797480623942,2.5112176780962994,0.1214560731379177
-0.6902970861260346,-1.9953421178949025,2.8095342619189005,-0.43804560659667,-0.4395406738823173,0.44772106569219783,-0.43118570509883364,0.25848616847490424
-0.6902970861260346,0.5906682852678581,5.0848541911836564,-0.3151479169207188,-0.08946958228484998,2.7769935774188137,-0.44168453969240795,-0.21543916125275647
-0.6902970861260346,0.5906682852678581,-0.33494141544379025,-0.5236399136447111,-0.6083080192747767,-0.4425374055892366,-0.5897181074618055,-0.35672925955358714
-0.6902970861260346,-0.7023369163135222,0.1559178554082399,-0.5812905958878449,-0.6975376956464453,-0.49945455594218446,-0.5743898089551871,-0.26513919583093815
-0.6902970861260346,0.5906682852678581,1.7773920215319272,0.22229209024939015,0.05454100520047588,-0.10969580896004151,-0.24577628617631153,0.4856863265465918
1.4486516314475937,-1.9953421178949025,-0.7290695092306405,-0.44347155316072967,-0.28299368558444293,0.5238168210553781,-0.43958477277369307,-0.05852905208449726
-0.6902970861260346,-1.9953421178949025,-0.8019741034016967,-0.707986448158638,-0.7773914083851995,-0.4375880881672411,0.39486260072359214,-0.4692643378484699
1.4486516314475937,0.5906682852678581,0.8647784860290962,9.183649786786216,2.545492242282063,-0.4299578904749981,3.6091857998922987,-0.22076416495756165
-0.6902970861260346,0.5906682852678581,-0.4582697082977595,-0.7405421275429959,-0.7656977908205534,-0.4089232914315174,-0.596437361601693,-0.4362493148786778
-0.6902970861260346,-1.9953421178949025,-0.6210187263386842,-0.7364726676199511,-0.6912168212871772,-0.1579516538244973,-0.5869884104674762,-0.49517935587852174
-0.6902970861260346,-1.9953421178949025,-0.31348957503080843,-0.2714690470800386,-0.6195802452154716,0.6739461161892406,-0.4122878028303999,-0.43802431611361287
1.4486516314475937,0.5906682852678581,2.1909930036641407,-0.25125739612891634,-0.3156515364406617,-0.35221236263781935,-0.4952285961196368,0.25209616402913804
1.4486516314475937,-1.9953421178949025,-0.7075385107349539,0.048526151535379654,0.6283710491160355,-0.5860676108271051,1.27067538251956,0.4469912996250075
-0.6902970861260346,0.5906682852678581,0.2654726418715861,-0.5011222354038636,-0.5397265324767173,1.0917509952293578,-0.5239954029060304,-0.1767441343311722
-0.6902970861260346,-0.7023369163135222,0.8169670040754393,-0.3500096235948021,-0.6852119906458725,-0.17816136663097878,-0.5676705548152995,0.38238125467337136
-0.6902970861260346,0.5906682852678581,1.9668173134443458,5.175503059915349,1.2872168531637516,6.9005998761780365,-0.5548619766111389,16.478447453311475
-0.6902970861260346,-1.9953421178949025,0.1241754642436432,-0.7393212895660825,-0.7861352845821872,-0.20517639089270404,-0.5958074315260786,-0.3073842252223925
1.4486516314475937,-0.7023369163135222,-0.7807597372368291,-0.2793366695979251,1.1820796429879248,-0.37077230297030234,2.989754558871416,-0.4909193529146776
-0.6902970861260346,-0.7023369163135222,-0.39312260623176676,-0.5838679205057733,-0.5842886967095577,1.9585002087563137,-0.5422633750988497,-0.14479411210234114
-0.6902970861260346,-0.7023369163135222,1.3959292209778338,-0.46951609666821603,0.03463025096878123,-0.005347699979637112,-0.5271450532841027,-0.4997943590893529
-0.6902970861260346,0.5906682852678581,2.399416235425695,-0.6606450643872175,-0.6785750725686409,-0.27920993066338623,-0.5189559623011147,0.10441606128254115
1.4486516314475937,0.5906682852678581,-0.586505802279422,1.3473621103071598,0.9226077505399676,-0.6266932579993179,0.8555514626896323,-0.3876142810414572
1.4486516314475937,0.5906682852678581,0.09069159525954246,-0.6337866288951222,-0.3611618318273923,-0.3406639553198299,-0.4897692021309782,-0.3648942652342884
1.4486516314475937,-0.7023369163135222,-0.4149702370582722,-0.16769781904239767,0.21214147255822824,-0.4408876331152381,0.34782782174437926,-0.17319413186130206
-0.6902970861260346,0.5906682852678581,-0.30319902427919354,0.08840685878121812,-0.7176591456901156,-0.1837293487307237,-0.5928677578398778,-0.45364432698104135
-0.6902970861260346,-0.7023369163135222,-0.9147743712559369,-0.6670205515999875,-0.6206337242753496,-0.5790560778126115,-0.544153165325693,-0.44938432401719725
-0.6902970861260346,0.5906682852678581,-0.6834744535927161,-0.39504498007649724,-0.5815496511538749,-0.4320201060674962,-0.5699802984258858,-0.14940911531317227
-0.6902970861260346,0.5906682852678581,0.5577242832174489,-0.4105089277840673,-0.5775464307263384,1.1921808945840158,-0.5036276637944963,0.42001128085399464
-0.6902970861260346,0.5906682852678581,-0.7000184928780046,-0.12320505721710848,-0.5742806456407166,0.28975535130684255,-0.5477227690875083,0.22724614674004723
-0.6902970861260346,0.5906682852678581,0.6131349411107598,-0.39667276404571516,-0.626322511198691,-0.09711629384580305,-0.5067773141725685,-0.36276426375236637
1.4486516314475937,-0.7023369163135222,-0.309531670895572,-0.3523156508845275,-0.10168993937943506,-0.33344620074608655,0.17438707425853187,-0.35282425683673
-0.6902970861260346,0.5906682852678581,-0.7087258819755249,0.023566797340705232,-0.3203921922101128,-0.1802235822234769,-0.4265662178776609,-0.42879430969195054
1.4486516314475937,0.5906682852678581,0.44049116273174393,-0.28625475146710117,-0.3470452124250268,-0.4151099382090117,-0.2264584305241348,-0.3041892229995094
-0.6902970861260346,-0.7023369163135222,-0.3857609045402269,-0.5997388142056478,-0.6057796695310694,-0.08103101222431777,-0.5876183405430907,-0.16538412642758782
-0.6902970861260346,-1.9953421178949025,-0.8736121682494773,-0.1101827854633653,-0.4883167543546698,-0.44026896843748864,-0.5191659389929862,-0.5388443862579242
-0.6902970861260346,-1.9953421178949025,-0.9092333054666057,0.3427481039715145,-0.11401564438000793,-0.5244073646114116,-0.5855185736243758,-0.17212913112034103
1.4486516314475937,0.5906682852678581,-0.5363987359273279,0.24508106581844072,0.06665601438907315,-0.10969580896004151,0.1664079599674154,-0.4568393292039245
-0.6902970861260346,0.5906682852678581,-0.583814427467461,0.3774741619814963,-0.09705463151597175,0.30996506411332403,-0.09123344095889786,0.00608099286713888
1.4486516314475937,-1.9953421178949025,-0.7578038932524575,0.17644284178308606,0.25701968050903207,-0.40108687218002453,0.30079304276516644,-0.020189025409899992
-0.6902970861260346,-1.9953421178949025,3.4895021923525302,-0.1672908730500932,-0.6138914582921302,0.690856284047725,-0.45176342090223925,0.6376264322570329
-0.6902970861260346,-1.9953421178949025,1.105181583203361,-0.5448011052445437,-0.43332514742903694,-0.5019292146531822,-0.5454130254769219,-0.24525918199966545
-0.6902970861260346,0.5906682852678581,-0.06857446714237413,-0.6786863367127158,-0.522870867518669,-0.07360703609132457,-0.5470928390118939,-0.3247792373247561
-0.6902970861260346,0.5906682852678581,0.4084321392363283,-0.6234773304234088,-0.47820335537984077,-0.13506106074776827,-0.5685104615827854,-0.1380491074095879
-0.6902970861260346,-1.9953421178949025,-0.3741246663826316,-0.6968632577023156,-0.6797338995345067,-0.47182086700270975,-0.5903480375374199,-0.3073842252223925
-0.6902970861260346,0.5906682852678581,0.16137976311486626,0.2165948463571275,-0.5692239461533021,0.6834323079147319,-0.3251474757037332,0.2897261902097613
1.4486516314475937,0.5906682852678581,-0.9406590643003835,0.0634475045865437,1.3960412400491515,-0.5864800539456048,1.2179712328598171,-0.1469241135842632
1.4486516314475937,0.5906682852678581,0.7492076852801905,0.1962475467419038,0.28799196486944595,-0.4520235973147279,-0.10404201916305851,0.4345662909804621
-0.6902970861260346,0.5906682852678581,-0.04419377766931731,-0.6462663059924594,-0.7763379293253215,0.47803563490192,-0.589508130769934,-0.45364432698104135
1.4486516314475937,0.5906682852678581,-0.2535669064233279,0.657859950679279,0.7305585179242038,-0.12392509654827848,1.2782345434269335,-0.030839032819510344
-0.6902970861260346,-0.7023369163135222,-0.9496830857287227,-0.7410847221994018,-0.09800276266986196,2.583763976401741,-0.6018967555903517,-0.3460792521439768
-0.6902970861260346,0.5906682852678581,-0.20314320774041497,-0.6449098193514444,-0.7075457467152866,-0.543585969621644,-0.5512923728493236,-0.4007492901799766
-0.6902970861260346,-0.7023369163135222,-0.8094941212586461,-0.2848982648260862,-0.5974571849580331,-0.5275006880001587,-0.5473028157037654,-0.24525918199966545
1.4486516314475937,0.5906682852678581,-0.1844619002220987,0.16694743529598166,0.26544751298805624,-0.5219327059004139,0.3646259570940981,-0.5182543719326775
-0.6902970861260346,0.5906682852678581,0.4807034687457467,-0.1605084398450186,-0.4748322223882311,0.25820345274162143,-0.41312770959788586,-0.28750421139111987
1.4486516314475937,0.5906682852678581,-0.9431921229469349,2.05680462355796,3.990233424998785,-0.6260745933215685,4.482898814769552,-0.036164036524315525
-0.6902970861260346,0.5906682852678581,1.0897457570759386,-0.29615710394651,-0.6255850758567764,1.4912021554962418,-0.5391137247207775,-0.050009046156808984
1.4486516314475937,0.5906682852678581,0.325870258975295,5.480305608151401,8.936528306938083,-0.4219152496642555,7.967671993068733,0.5037913391429294
-0.6902970861260346,-1.9953421178949025,0.49281465539957037,-0.6968632577023156,-0.5306666125617664,0.1402447208507295,-0.4820000645317332,-0.3361392452283405
-0.6902970861260346,0.5906682852678581,-0.7117338891183046,-0.7155827733483214,-0.7476832988966393,0.08209024114228278,-0.40577852538238385,-0.2832442084272757
1.4486516314475937,0.5906682852678581,-0.9218194406166578,0.2587815808926913,0.7090675451026921,-0.5514223888731369,1.090935334277568,-0.4337643131497687
1.4486516314475937,0.5906682852678581,1.5604988749209672,0.8848001657210742,0.4009249200883701,-0.5743129819498659,0.209873135184813,0.49917633593209826
1.4486516314475937,0.5906682852678581,-0.8954597990759827,-0.04140891276390916,0.33076321470049375,-0.461716010599469,0.28504479087480494,-0.3865492803004961
1.4486516314475937,0.5906682852678581,-0.6243433658122828,1.9923715081097515,1.8968651851151639,-0.3946940038432804,1.2015930508938413,1.30680189782755
1.4486516314475937,0.5906682852678581,-0.9293394584736071,0.3904964337352395,0.5771719668059635,-0.4033553093317725,0.86794008751005,-0.4266643082100285
-0.6902970861260346,0.5906682852678581,1.9817781910755399,0.18390351830866808,0.03178585750711056,-0.015864999501377475,-0.6008468721309943,-0.5402643872458722
-0.6902970861260346,0.5906682852678581,0.6415526928017579,-0.5302866981856842,-0.6333808208998737,1.050094240260896,-0.45470309458844005,-0.260879192867094
1.4486516314475937,0.5906682852678581,-0.9197613304663348,-0.24026985433669557,0.18106384029182654,-0.553484604465635,0.9216941206291505,-0.054624049367640135
-0.6902970861260346,-1.9953421178949025,-0.5227835457021144,0.23151619940829157,0.28388339653592165,-0.6147324075628289,0.26992646906005796,-0.45648432895693747
-0.6902970861260346,0.5906682852678581,-0.9496830857287227,-0.3901616281688436,-0.17901530237448202,-0.5427610833846448,-0.5582216036810826,-0.2896342128730419
-0.6902970861260346,0.5906682852678581,-0.6849784571641059,-0.23674298907005678,-0.10063646031955703,-0.5842116167938568,-0.2821022538700786,-0.4344743136437427
-0.6902970861260346,-1.9953421178949025,0.7991564354668751,-0.3013117531823667,-0.09589580455010592,1.7219640802967804,-0.5330244006565044,0.36889124528786493
-0.6902970861260346,0.5906682852678581,-0.6845826667505822,-0.6260546550413372,-0.6977483914584209,0.5011324495378989,-0.5397436547963919,-0.1863291409998215
1.4486516314475937,-0.7023369163135222,0.3817558653648343,-0.6603737670590144,-0.5486811044856805,1.7502164339140045,-0.5353341442670907,0.6962014730098898
-0.6902970861260346,0.5906682852678581,-0.07902333405939847,0.17345857117285324,-0.3167050155005397,-0.39593133319877927,-0.5798492029438457,-0.4011042904269636
-0.6902970861260346,0.5906682852678581,0.5680148339690638,-0.3704925718741273,-0.2101982825468715,-0.21425013949969574,-0.06435642439934766,0.4533813040707737
1.4486516314475937,0.5906682852678581,-0.7662738081018635,-0.00451247612830349,0.3462493568807007,-0.4753266335099565,0.4788532774721865,0.22476114501113814
-0.6902970861260346,-1.9953421178949025,-0.4454460988995932,-0.6804497693460352,-0.7375698999218102,-0.4524360404332275,-0.544573118709436,-0.4401543175955349
-0.6902970861260346,0.5906682852678581,2.9338124517653266,-0.24840877418278504,-0.38971111435008676,0.5976441392668105,-0.3864606697302071,-0.04290904121706875
-0.6902970861260346,-1.9953421178949025,-0.1283388195844452,1.651622063886805,-0.3374585529801368,0.33285565719005306,-0.2802124636432352,0.6177464184257602
-0.6902970861260346,0.5906682852678581,-0.7429221737039682,-0.6678344435845965,-0.6771002018848117,-0.40603618960202004,-0.4971183863464802,-0.37518927239691174
1.4486516314475937,0.5906682852678581,0.8402394803906299,-0.05239645455612996,-0.07935618331002095,0.1738588350084487,-0.23191782451279344,1.2993468926408227
-0.6902970861260346,-1.9953421178949025,-0.07189910661597278,-0.10692721752492951,-0.2846792520802478,-0.5400802031143972,-0.5227355427548015,-0.4089142958606779
-0.6902970861260346,0.5906682852678581,0.029819029659605152,-0.6689196328974084,-0.5001157198253037,-0.34520082962332577,-0.5737598788795726,-0.38086927634870393
1.4486516314475937,0.5906682852678581,-0.03216174909819836,0.2689552307003032,0.44169455970564964,0.03713394122582397,1.0821163132189657,0.5339663601368254
1.4486516314475937,-1.9953421178949025,0.69514271479286,0.016920012799732154,0.13281449934941306,-0.27075484673414396,-0.06582626124244806,0.009985995583996009
-0.6902970861260346,0.5906682852678581,-0.48755819889850954,-0.589565164398036,-0.7152361438523961,-0.5103842985824244,-0.5050975006375967,-0.5164793706977424
-0.6902970861260346,-1.9953421178949025,-0.6873531996452478,0.1092967530528478,-0.11485842762791035,-0.3594301172115627,0.22667127053453187,-0.11000408789761397
1.4486516314475937,0.5906682852678581,-0.9340889434358909,2.7218900236475725,1.2499236944440695,-0.49924833438293464,1.2370791118201223,1.6774221556819902
-0.6902970861260346,0.5906682852678581,-0.9101040443763577,-0.7710630769658314,-0.7556897397517123,-0.4489302739259807,-0.5932877112236208,-0.4944693553845477
-0.6902970861260346,0.5906682852678581,-0.7252699212608135,-0.367643949927996,-0.381599325589026,0.15797977494621326,-0.4318156351744481,-0.1650291261806008
-0.6902970861260346,-1.9953421178949025,-0.7278029799073648,0.6740021417073565,0.7992453526282509,-0.3501501470453212,0.6186977542585962,0.30641120181815085
1.4486516314475937,0.5906682852678581,1.8951792485965653,4.418447865564926,5.440874090450824,0.03754638434432359,5.001541243692122,0.1747061101859695
1.4486516314475937,0.5906682852678581,2.569922745571683,6.573905138137624,5.016638073037943,0.9713176046274681,4.4703002132572625,1.7537472087841979
-0.6902970861260346,0.5906682852678581,0.7624270850918804,-0.6074707880594328,-0.5336163539294249,-0.5786436346941118,-0.4122878028303999,-0.3975542879570935
-0.6902970861260346,-1.9953421178949025,0.703929261973085,-0.620493059813176,-0.5662742047856436,0.18623212856343738,-0.45029358405913883,0.7466115080820453
1.4486516314475937,-1.9953421178949025,-0.7071427203214303,1.0097325853585477,1.5987306111696833,0.1792205955489438,1.4861114683797048,-0.2818242074393277
-0.6902970861260346,0.5906682852678581,-0.9089166731357868,-0.2192443114009644,-0.45839794905413395,-0.49759856190893614,-0.5794292495601027,-0.3091592264573276
-0.6902970861260346,0.5906682852678581,0.18014022871588725,-0.6773298500717009,-0.5168660368773642,-0.5334811132184033,-0.5840487367812754,-0.35743926004756116
1.4486516314475937,0.5906682852678581,-0.8976762253917152,0.36594402553286953,1.1241382946946334,-0.6060711020743368,0.8101964972453913,-0.26584919632491216
1.4486516314475937,-1.9953421178949025,-0.07348226827006737,0.026144121958633568,-0.24612191848871212,1.0824710250631162,-0.40451866523115493,0.21730613982441088
-0.6902970861260346,-1.9953421178949025,-0.22222030567225487,-0.12361200320941294,-0.6104149773945328,-0.5660641195798735,-0.44126458630866494,-0.34678925263795085
-0.6902970861260346,0.5906682852678581,0.33718986480207136,-0.7056804208689126,-0.7011195244500307,-0.45862268721072186,-0.5116067780856127,-0.4497393242641842
-0.6902970861260346,0.5906682852678581,0.2514616612328489,-0.5117028312037799,-0.4362748887966954,-0.08391811405381513,-0.5563318134542392,-0.3247792373247561
1.4486516314475937,0.5906682852678581,0.24346669487967118,0.062497963937833266,-0.05828660211246047,-0.3233413443428458,-0.20273106434265692,0.5637863808837343
-0.6902970861260346,0.5906682852678581,0.12164240559709184,-0.20879936426514956,-0.3073290518676253,-0.6015342277708409,-0.552762209692424,0.6198764199076823
1.4486516314475937,0.5906682852678581,-0.33066687897773483,0.06087017996861537,-0.14825371382604371,0.22314578766915355,0.25039863671600976,-0.19910914989135392
-0.6902970861260346,0.5906682852678581,-0.4512246389370385,-0.6114045993183761,-0.5646939861958266,-0.3922193451322827,-0.5632610442859983,-0.42559930746906743
-0.6902970861260346,0.5906682852678581,-0.9388384283981748,0.413828003960696,-0.434905366018854,-0.6042151080410885,-0.38205115920090593,-0.5402643872458722
-0.6902970861260346,0.5906682852678581,-0.4779009128085325,-0.29140940070295784,-0.18533617673375014,-0.5458544067733919,-0.2447264027169541,-0.27507920274657444
-0.6902970861260346,-0.7023369163135222,-0.6005167829181591,-0.5678613781417973,-0.6868975571416773,0.08786444480127749,-0.5237854262141589,-0.24525918199966545
-0.6902970861260346,0.5906682852678581,-0.5731280863023226,-0.6198148164926686,-0.49526971614986476,0.1344705171917348,-0.34320547120468103,-0.1348541051867048
1.4486516314475937,-0.7023369163135222,0.35207158435056063,0.06059888264041239,-0.16763772852779935,-0.4635720046327173,-0.04608845220652839,0.17044610722212533
1.4486516314475937,0.5906682852678581,1.0015636529428695,0.4976588783754177,0.4361111206882961,-0.5728694310351172,0.45701570151755194,0.22831114748100825
1.4486516314475937,0.5906682852678581,-0.6467451032177214,-0.06853864558420744,0.7272927328385819,-0.5681263351723715,0.800537569419303,0.5882813979258382
-0.6902970861260346,0.5906682852678581,0.9518523770042991,-0.1986257144575377,-0.3365104218262466,1.3276684590111416,-0.36462309377557256,1.5403920603450036
-0.6902970861260346,0.5906682852678581,1.077001305760477,0.7066934697558159,-0.3526286514423803,-0.6073084314298356,-0.47234113670564487,-0.43908931685457386
-0.6902970861260346,0.5906682852678581,-0.9348805242629382,-0.6876391485434142,-0.6256904237627641,-0.5829742874383579,-0.5664106946640706,-0.4962443566194828
1.4486516314475937,-1.9953421178949025,-0.7494922945684608,1.4653764480754574,3.006073287260735,-0.5965849103488454,2.189323409457311,-0.30205922151758735
1.4486516314475937,0.5906682852678581,0.42426375577727427,0.054765990084048255,0.18359219003553381,-0.36685409334455593,0.15506921860635517,0.069626037077814
-0.6902970861260346,0.5906682852678581,1.2868493830107162,-0.6582033884333905,-0.6115738043603985,0.16684730199395514,-0.4790603908455324,-0.4454793213003401
-0.6902970861260346,-0.7023369163135222,-0.20971332860490755,-0.6035369768004896,-0.5625870280760705,1.0513315696163947,-0.5122367081612272,-0.23318917360210706
-0.6902970861260346,-1.9953421178949025,-0.26639051582149414,-0.6750238227819755,-0.5166553410653887,-0.15671432446899844,-0.5179060788417573,-0.46145433241475564
1.4486516314475937,-1.9953421178949025,-0.7487798718241182,-0.14368800549643368,-0.1961870110504938,-0.02596985590461822,0.5111896880203953,-0.4987293583483919
-0.6902970861260346,-1.9953421178949025,-0.37277897897665113,-0.6489792792744892,-0.6204230284633739,-0.3672665364630555,-0.5546519999192674,0.08879605041511263
1.4486516314475937,-0.7023369163135222,-0.3492690284133464,-0.5289302115446692,-0.28625947067006485,-0.5475041792473904,-0.141417870316183,-0.4511593252521323
-0.6902970861260346,0.5906682852678581,1.2005670728625604,-0.40630381919692105,-0.613470066668179,2.0933691085056902,-0.5857285503162473,0.1338810817824631
1.4486516314475937,-1.9953421178949025,-0.46436488066602366,2.3517048193146026,2.700564359896108,0.7576720692446639,3.299260202689986,1.276626876833654
-0.6902970861260346,0.5906682852678581,-0.2686069421372266,-0.5488705651675885,-0.46050490717389,-0.6238061561698205,-0.5874083638512192,0.34652622972768315
-0.6902970861260346,0.5906682852678581,1.15085579692399,-0.14151762687080982,-0.3013242212263206,-0.5881298264196032,-0.6029466390497091,-0.42062930401124926
1.4486516314475937,-0.7023369163135222,-0.7441887030272438,-0.28598345413889814,0.6192057812950966,-0.5320375623036546,1.509208904485568,-0.5203843734145995
-0.6902970861260346,0.5906682852678581,-0.6712049507734829,-0.6371778454976594,-0.6272706423525811,-0.26312464904190097,-0.5687204382746569,-0.18810414223475655
-0.6902970861260346,-1.9953421178949025,0.25470714262374283,-0.7512583720070137,-0.7177644935961034,-0.11464512638203699,-0.5351241675752192,-0.4689093376014829
1.4486516314475937,-1.9953421178949025,-0.594975717128828,1.1669493870521763,1.7652856505363985,0.09838174432301786,2.383971802822179,0.05542602719833352
-0.6902970861260346,0.5906682852678581,0.034331040373774754,-0.7130054487303932,-0.8078369532156744,-0.40830462675376794,-0.6044164758928096,0.251386163535164
1.4486516314475937,0.5906682852678581,-0.9000509678728571,0.7187662008608487,1.6904886372850592,-0.4712022023249603,1.3958214908749658,-0.5157693702037685
-0.6902970861260346,-1.9953421178949025,0.4784078843473095,-0.5861739477954987,-0.6221085949591788,-0.11134558143404,-0.5777494360251308,-0.13023910197587366
-0.6902970861260346,0.5906682852678581,0.3907007287104688,0.06154842328912283,-0.628956208848386,0.8785179029650532,-0.5802691563275887,-0.5186093721796645
1.4486516314475937,-0.7023369163135222,-0.8772534400538948,2.0155674296711066,0.5916046299262925,-0.3313839851535884,0.8324540265837689,-0.2551991889153018
-0.6902970861260346,-1.9953421178949025,3.2616852303283177,-0.11357400206590258,-0.06481817228370422,-0.012359232994130689,-0.4019989449286971,-0.25093918595145764
-0.6902970861260346,0.5906682852678581,0.28391647514178814,-0.6487079819462862,-0.41941922383864705,-0.44583695053723355,-0.5758596457982874,-0.052139047638731055
1.4486516314475937,0.5906682852678581,-0.9110539413688146,0.634392731789721,0.37722164124111457,-0.4800697293727022,0.5731328121224837,-0.4618093326617426
1.4486516314475937,0.5906682852678581,-0.39130197032955794,0.5444576674904322,0.1703183538810707,-0.2701361820563945,0.08640684036437925,0.08915105066209963
1.4486516314475937,0.5906682852678581,0.3941836843494769,-0.39504498007649724,0.45096517543257625,-0.45326092667022677,0.06960870501466038,-0.45293432648706733
1.4486516314475937,0.5906682852678581,-0.5567423631824434,2.1182534683959355,2.20911637846301,-0.26271220592340133,2.24706699972197,-0.12846410074093859
-0.6902970861260346,0.5906682852678581,-0.3954181906302039,-0.6738029848050621,-0.5206585614929251,-0.5448232989771429,-0.47696062392681754,-0.35353425733070404
1.4486516314475937,-1.9953421178949025,-0.8622925624227009,0.8023257779473674,1.6481387790779625,-0.43655698037099205,1.3403876442208935,-0.28927921262605494
-0.6902970861260346,0.5906682852678581,-0.8310251197543326,-0.517807021088347,-0.5993534472658135,-0.5458544067733919,-0.5036276637944963,-0.4011042904269636
-0.6902970861260346,-1.9953421178949025,-0.7794932079135534,-0.6350074668720356,-0.13350500698775136,0.25820345274162143,0.0026261403076563573,-0.3954242864751714
-0.6902970861260346,0.5906682852678581,-0.19309013123691426,-0.485522639032192,-0.6623514950465194,-0.3916006804545332,-0.5584315803729542,-0.382644277583639
-0.6902970861260346,0.5906682852678581,0.05966162683928833,-0.4115941170968792,-0.5711202084610825,1.159185445104046,-0.4733910201650023,-0.14479411210234114
-0.6902970861260346,-0.7023369163135222,-0.7427638575385588,-0.6251051143926267,-0.27593537588326017,1.3429288543956277,-0.48472976152606256,0.14808109166194358
1.4486516314475937,0.5906682852678581,2.2734757258424696,-0.2550555587237581,-0.2186261150258957,-0.5237886999336622,-0.06183670409688983,-0.08763907233743223
-0.6902970861260346,0.5906682852678581,-0.8550891768965705,-0.43329790335311785,0.04042438579811036,-0.5505975026361376,0.20189402089369654,-0.4337643131497687
1.4486516314475937,-1.9953421178949025,-0.8649839372346617,0.5266876924931368,0.7894479973713853,-0.6209190543403231,0.650614211423062,-0.09225407554826338
-0.6902970861260346,-1.9953421178949025,1.023411283769375,-0.5419524832984125,-0.5769143432904116,-0.1765115941569803,-0.5185360089173718,-0.16964412939143195
1.4486516314475937,0.5906682852678581,0.7295764807694175,0.055851179396860184,0.7406719168990328,0.004757156423603631,0.8032672664136323,-0.3276192393006522
1.4486516314475937,-0.7023369163135222,-0.8328457556565414,1.2460325582233458,0.41851802038833313,-0.4969798972311867,0.21197290210352784,0.704011478443604
-0.6902970861260346,0.5906682852678581,-0.3274213975868409,-0.7127341514021901,-0.41183417460752525,1.3740683098423492,-0.5704002518096288,-0.5249993766254307
-0.6902970861260346,0.5906682852678581,0.7059082140407033,-0.526352886926741,-0.6719381544914094,-0.22930431332493192,-0.5565417901461107,-0.20017415063231497
-0.6902970861260346,0.5906682852678581,1.9644425709632038,-0.37320554515615717,-0.6803659869704336,0.3567773580630311,-0.560951300675412,0.1061910625174762
1.4486516314475937,0.5906682852678581,-0.5682202851746293,0.1254389440809253,0.12838988729792536,-0.42872056111949924,0.43916768270847567,0.7498065103049285
-0.6902970861260346,-0.7023369163135222,0.39046325446235464,-0.486607828345004,-0.48062635721756025,0.9851344490972055,-0.560951300675412,0.0032409908912427858
-0.6902970861260346,0.5906682852678581,0.7216606724989445,-0.6286319796592654,-0.33682646554421,-0.5780249700163624,-0.32619735916309067,-0.4011042904269636
-0.6902970861260346,0.5906682852678581,-0.36510064495429234,-0.5309649415061917,-0.6086240629927401,-0.48501904679469765,-0.5951775014504641,-0.35069425535480797
1.4486516314475937,-0.7023369163135222,-0.43792608104264386,0.9591356336486915,1.4347039215466748,-0.25405090043490924,0.981957431196267,0.006435993114125892
-0.6902970861260346,0.5906682852678581,1.1398528234280327,-0.5994675168774448,-0.39813894682911094,-0.46233467527721844,-0.4059885020742553,-0.10893908715665293
1.4486516314475937,-0.7023369163135222,-0.17741683086137774,2.614591930343293,1.0212133905445506,-0.40088065062077477,2.0003443867729738,0.035546013367060855
-0.6902970861260346,-1.9953421178949025,-0.06255845285681465,-0.3011761045182652,-0.2983744798586621,-0.5178082747154176,-0.2518656102405846,0.309961204288021
-0.6902970861260346,0.5906682852678581,1.2133906822607268,-0.5897008130621374,-0.6325380376519713,-0.13114285112202187,-0.5622111608266409,-0.06811405875314658
-0.6902970861260346,0.5906682852678581,-0.5836561113020516,-0.6510140092360116,-0.3701164038363555,-0.5941102516378477,-0.32472752231999025,-0.4298593104329116
-0.6902970861260346,0.5906682852678581,-0.4536785395008851,-0.6377204401540654,-0.6290615567543738,0.1625166492497091,-0.47717060061868904,0.22618114599908618
-0.6902970861260346,0.5906682852678581,-0.9272813483232841,-0.6223921411105968,-0.28552203532815024,-0.11485134794128679,-0.5729199721120867,-0.029419031831562296
1.4486516314475937,0.5906682852678581,-0.8839027190010922,0.7841488569577676,0.37616816218123655,-0.5767876406608636,0.24052973219804993,0.11755107042106058
-0.6902970861260346,0.5906682852678581,2.155292708364308,-0.5921424890159643,-0.7571646104355415,0.2965606627620863,-0.5855185736243758,0.29150119144469633
-0.6902970861260346,0.5906682852678581,-0.7569331543427054,0.2992048827949358,0.1967606782840091,0.6593043854825039,0.12126297121504592,-0.5402643872458722
-0.6902970861260346,0.5906682852678581,-0.5213587002134292,-0.6889956351844292,-0.6106256732065084,-0.1387730488142649,-0.5905580142292914,-0.27507920274657444
-0.6902970861260346,0.5906682852678581,0.14079866161163648,-0.5190278590652604,-0.6640370615423242,-0.5105905201416743,-0.5573816969135967,-0.3865492803004961
1.4486516314475937,0.5906682852678581,-0.03809860530105311,0.04825485420717667,0.3072706316652138,-0.513065178852672,0.4702442331054556,-0.017349023434003897
-0.6902970861260346,0.5906682852678581,-0.7090425143063438,-0.6272754930182506,-0.6519220523537269,-0.1727996060904837,-0.5594814638323116,-0.4067842943787558
-0.6902970861260346,-1.9953421178949025,-0.8044280039655434,0.07918274962231671,-0.5401479241006686,-0.38232071028829173,-0.3497147486526971,-0.43660431512566483
-0.6902970861260346,-1.9953421178949025,-0.42565657822341074,-0.5339492121164244,-0.3383013362280392,0.9509016702617368,-0.5620011841347694,0.05968603016217766
-0.6902970861260346,0.5906682852678581,-0.5092475135596055,-0.6681057409127995,-0.6259011195747397,0.06414896548754923,-0.5263051465166168,-0.3393342474512236
-0.6902970861260346,-0.7023369163135222,-0.1754378787937595,-0.6607807130513189,-0.5842886967095577,0.2835687045293482,-0.5666206713559421,-0.43589431463169076
1.4486516314475937,0.5906682852678581,-0.8133728673111779,-0.29100245471065334,0.5131204399653797,-0.4635720046327173,0.32389047887102984,0.22440614476415113
-0.6902970861260346,0.5906682852678581,1.2586691055678323,-0.2777088856287072,-0.10400759331116671,0.29016779442534213,-0.47843046076991796,0.34723623022165717
-0.6902970861260346,0.5906682852678581,0.12852915879240334,-0.7462393714352585,-0.6921649524410675,-0.44996138172222977,-0.5960174082179501,-0.5115093672399242
-0.6902970861260346,0.5906682852678581,-0.02891626770730444,-0.6611876590436234,-0.6676188903459095,-0.10082828191229964,-0.5647308811290986,-0.16218912420470472
1.4486516314475937,-0.7023369163135222,-0.6336048614887362,0.7198513901736606,0.47593262915168544,-0.44748672301123205,0.6447348640506604,-0.27827420496945754
-0.6902970861260346,0.5906682852678581,-0.5554758338591678,-0.12713886847605171,-0.13887775019312928,3.050855808102563,-0.4135476629816288,0.3230962134265404
1.4486516314475937,0.5906682852678581,-0.8162225582885481,0.15840156945758768,1.9346850833647848,-0.33323997918683673,2.643083040591592,-0.5281943788483139
-0.6902970861260346,-1.9953421178949025,-0.2790558090542509,-0.5243181569652186,-0.6392803036351906,0.39843411303149295,0.14939984792582503,-0.19094414421065264
-0.6902970861260346,-0.7023369163135222,-0.39684303611888905,-0.6478940899616773,-0.5208692573049007,-0.5477104008066402,-0.5510823961574521,-0.30844922596335356
-0.6902970861260346,0.5906682852678581,1.5682563670260308,-0.5918711916877613,-0.6637210178243608,-0.46852132205471275,-0.5813190397869461,-0.03012903232553632
-0.6902970861260346,0.5906682852678581,-0.3840194267207228,-0.45690077090677733,-0.7640122243247487,0.668996798767245,-0.5221056126791871,-0.21792416298166556
-0.6902970861260346,0.5906682852678581,-0.8478857913704401,-0.3348169732154351,-0.6246369447028861,-0.5239949214929119,-0.551502349541195,0.08844105016812562
-0.6902970861260346,0.5906682852678581,-0.8869107261438719,0.011087120243368023,-0.6154716768819473,-0.5633832393096259,-0.5563318134542392,-0.26584919632491216
-0.6902970861260346,0.5906682852678581,-0.18541179721455547,-0.49027034227574423,-0.6365412580795078,0.529384803155123,-0.5599014172160545,-0.4266643082100285
-0.6902970861260346,0.5906682852678581,-0.6424705667516659,-0.27065515509542964,-0.6647744968842388,-0.45284848355172713,-0.5216856592954441,1.1729668047134465
-0.6902970861260346,0.5906682852678581,2.4748538882433024,-0.10462119023520415,0.01745854229276944,0.6681719125302459,-0.27349320950334766,4.5532791565237725
-0.6902970861260346,-0.7023369163135222,-0.17496293029753113,-0.5439872132599348,-0.2994279589185401,0.10271239706726389,-0.5668306480478136,-0.17106413037938
1.4486516314475937,-1.9953421178949025,-0.7629491686282649,0.10237867118367174,0.3595231930351638,-0.44521828585948414,0.6457847475100178,-0.26052419262010695
-0.6902970861260346,0.5906682852678581,-0.6317050675038227,-0.34756794764097526,-0.6798392474404945,-0.1395979350512641,-0.5496125593143517,-0.4508043250051453
-0.6902970861260346,0.5906682852678581,-0.7293069834787547,-0.5559242957008661,-0.5732271665808385,-0.620094168103324,-0.5048875239457252,-0.5228693751435086
1.4486516314475937,0.5906682852678581,0.438987159160354,-0.1732594142705588,-0.35283934725435595,-0.413666387294263,-0.13070905903073723,0.21269113661357975
1.4486516314475937,0.5906682852678581,-0.31348957503080843,0.2499644177260944,0.39355056666922394,-0.0647395090435827,0.8309841897406685,-0.3979092882040805
-0.6902970861260346,0.5906682852678581,0.4979599307753778,-0.6145245185927104,1.3790802271851152,0.47452986839467326,0.2711863292112869,4.596234186409201
1.4486516314475937,0.5906682852678581,-0.8348247077241596,0.07334985706595258,0.2899935750832142,-0.6060711020743368,0.8290943995138251,0.10867606424638529
-0.6902970861260346,-1.9953421178949025,-0.5762944096105117,-0.6462663059924594,-0.7349362022721152,0.5007200064193993,-0.5636809976697412,-0.5214493741555606
-0.6902970861260346,0.5906682852678581,-0.6785666524650228,-0.4634119067836489,-0.6240048572669593,-0.356955458500565,-0.35643400279258464,-0.30525422374047045
-0.6902970861260346,0.5906682852678581,1.4013119706017554,0.8484463237418745,0.8507604786562863,2.0752216112917066,-0.5668306480478136,0.24109115637254067
1.4486516314475937,0.5906682852678581,-0.7178290614865688,0.08989899408633453,-0.02889453634186361,-0.10536515621579548,0.3551770059598813,-0.04929904566283496
